{
  "input": "translated_data_final\\all_segments.csv",
  "sample_size": 1334,
  "sample_seed": 42,
  "device": "cuda",
  "comet_model": null,
  "labse_model": "sentence-transformers/LaBSE",
  "bertscore_model": "xlm-roberta-large",
  "metrics": {
    "labse_cos": {
      "name": "labse_cos",
      "n": 1334,
      "mean": 0.8947103360424871,
      "std": 0.06054012245633009,
      "min": 0.35967618227005005,
      "p05": 0.7834033966064453,
      "p25": 0.8783547133207321,
      "median": 0.9095472097396851,
      "p75": 0.929871216416359,
      "p95": 0.9530171304941177,
      "max": 1.0,
      "ci95_halfwidth": 0.0032487885932897392,
      "buckets": {
        "poor (<0.7)": 24,
        "ok (0.7-0.8)": 52,
        "good (0.8-0.9)": 467,
        "great (>=0.9)": 791
      }
    },
    "bertscore_xlmr_f1": {
      "name": "bertscore_xlmr_f1",
      "n": 1334,
      "mean": 0.9109757256204042,
      "std": 0.0179415677005637,
      "min": 0.8383514285087585,
      "p05": 0.882400706410408,
      "p25": 0.9001910239458084,
      "median": 0.9110843539237976,
      "p75": 0.9226910024881363,
      "p95": 0.936476469039917,
      "max": 1.0000001192092896,
      "ci95_halfwidth": 0.0009628054606822539,
      "buckets": {
        "low (<0.7)": 0,
        "mid (0.7-0.85)": 3,
        "high (0.85-0.95)": 1318,
        "very-high (>=0.95)": 13
      }
    }
  }
}