{
  "input": "translated_data_final/all_segments.csv",
  "sample_size": 1334,
  "sample_seed": 42,
  "device": "cuda",
  "comet_model": "Unbabel/wmt22-cometkiwi-da",
  "labse_model": "sentence-transformers/LaBSE",
  "bertscore_model": "xlm-roberta-large",
  "metrics": {
    "comet_qe": {
      "name": "comet_qe",
      "n": 1334,
      "mean": 0.7701430852221942,
      "std": 0.10284041147873603,
      "min": 0.32346460223197937,
      "p05": 0.5838395953178406,
      "p25": 0.7042133212089539,
      "median": 0.8002625405788422,
      "p75": 0.8533221483230591,
      "p95": 0.8804237842559814,
      "max": 0.8952695727348328,
      "ci95_halfwidth": 0.005518765773596589,
      "buckets": {
        "poor (<0.5)": 30,
        "ok (0.5-0.7)": 298,
        "good (0.7-0.85)": 654,
        "great (>=0.85)": 352
      }
    },
    "labse_cos": {
      "name": "labse_cos",
      "n": 1334,
      "mean": 0.9007014809385768,
      "std": 0.05181896748365719,
      "min": 0.35034582018852234,
      "p05": 0.8151349425315857,
      "p25": 0.8844429701566696,
      "median": 0.9115215241909027,
      "p75": 0.9297082722187042,
      "p95": 0.9527016133069992,
      "max": 1.0,
      "ci95_halfwidth": 0.0027807817963763433,
      "buckets": {
        "poor (<0.7)": 10,
        "ok (0.7-0.8)": 31,
        "good (0.8-0.9)": 481,
        "great (>=0.9)": 812
      }
    },
    "bertscore_xlmr_f1": {
      "name": "bertscore_xlmr_f1",
      "n": 1334,
      "mean": 0.911068816413765,
      "std": 0.017596082088905018,
      "min": 0.8383514285087585,
      "p05": 0.8836505711078644,
      "p25": 0.9006395787000656,
      "median": 0.9106667637825012,
      "p75": 0.9224161356687546,
      "p95": 0.9360369443893433,
      "max": 1.0000001192092896,
      "ci95_halfwidth": 0.0009442655293315685,
      "buckets": {
        "low (<0.7)": 0,
        "mid (0.7-0.85)": 4,
        "high (0.85-0.95)": 1316,
        "very-high (>=0.95)": 14
      }
    }
  }
}